{"count":1,"self":485.66911999999996,"total":1254.3123302,"children":{"InitializeActuators":{"count":1,"self":0.00050309999999999992,"total":0.00050309999999999992,"children":null},"InitializeSensors":{"count":1,"self":0.0010027,"total":0.0010027,"children":null},"AgentSendState":{"count":210049,"self":0.5676958,"total":2.1369528,"children":{"CollectObservations":{"count":158458,"self":0.095789699999999992,"total":0.095789699999999992,"children":null},"WriteActionMask":{"count":158458,"self":0.1083464,"total":0.1083464,"children":null},"RequestDecision":{"count":158458,"self":0.2542204,"total":1.3651209,"children":{"AgentInfo.ToProto":{"count":158458,"self":0.4110042,"total":1.1109004999999998,"children":{"GenerateSensorData":{"count":158458,"self":0.69989629999999992,"total":0.69989629999999992,"children":null}}}}}}},"DecideAction":{"count":210049,"self":763.344128,"total":763.3441101,"children":null},"AgentAct":{"count":210049,"self":3.1510355999999997,"total":3.1510355,"children":null},"AgentInfo.ToProto":{"count":1000,"self":0.0030061,"total":0.0096051,"children":{"GenerateSensorData":{"count":1000,"self":0.006599,"total":0.006599,"children":null}}}},"gauges":{"joe.CumulativeReward":{"count":1000,"max":7006.635,"min":4.70436668,"runningAverage":3115.9812,"value":6821.22266,"weightedAverage":3391.64258}},"metadata":{"timer_format_version":"0.1.0","start_time_seconds":"1746626221","unity_version":"6000.0.24f1","command_line_arguments":"C:\\Users\\malco\\documents\\dqnenemygenerator\\.\/PacManUnity\/EvaluationBuilds\/Game_1000_Steps.exe --mlagents-port 5005 -logFile C:\\Users\\malco\\documents\\dqnenemygenerator\\results\\EvaluationRun\\run_logs\\Player-0.log","communication_protocol_version":"1.5.0","com.unity.ml-agents_version":"3.0.0","scene_name":"Scene1","end_time_seconds":"1746627475"}}