Time, Pellets, Tension, Action, Reward
3.435306, 297, 0, (0 0 0), 0
3.435306, 297, 0, (0 0 0), 0
3.455306, 296, 0, (0 0 0), 0
3.463104, 296, 0, (0 0 0), 0
4.003561, 296, 0, (0 0 0), 0
5.002233, 296, 0, (0 0 0), 0
6.000707, 296, 0, (0 0 0), 0
7.003183, 295, 0, (0 0.6 0), 0
8.000988, 293, 0, (0 0.6 0), 0
9.001567, 293, 0, (0 0.6 0), 0
10.00415, 293, 0, (0 0.6 0), 0
11.00167, 293, 0, (0 0.6 0), 0
12.00251, 293, 0, (0 0.6 0), 0
13.00432, 293, 0, (0 0.6 0), 0
