{
    "name": "root",
    "gauges": {
        "joe.Policy.Entropy.mean": {
            "value": 0.7555597424507141,
            "min": 0.19522149860858917,
            "max": 1.386202335357666,
            "count": 1000
        },
        "joe.Policy.Entropy.sum": {
            "value": 773.6931762695312,
            "min": 173.1318359375,
            "max": 1704.5133056640625,
            "count": 1000
        },
        "joe.Step.mean": {
            "value": 999769.0,
            "min": 975.0,
            "max": 999769.0,
            "count": 1000
        },
        "joe.Step.sum": {
            "value": 999769.0,
            "min": 975.0,
            "max": 999769.0,
            "count": 1000
        },
        "joe.Policy.ExtrinsicValueEstimate.mean": {
            "value": -17918.009765625,
            "min": -44510.5078125,
            "max": -0.11135530471801758,
            "count": 1000
        },
        "joe.Policy.ExtrinsicValueEstimate.sum": {
            "value": -71672.0390625,
            "min": -234172.0625,
            "max": -0.4454212188720703,
            "count": 1000
        },
        "joe.Policy.GailValueEstimate.mean": {
            "value": 27.536170959472656,
            "min": -7.034945487976074,
            "max": 66.83416748046875,
            "count": 1000
        },
        "joe.Policy.GailValueEstimate.sum": {
            "value": 110.14468383789062,
            "min": -28.139781951904297,
            "max": 267.336669921875,
            "count": 1000
        },
        "joe.Environment.EpisodeLength.mean": {
            "value": 435.25,
            "min": 29.0,
            "max": 4949.0,
            "count": 775
        },
        "joe.Environment.EpisodeLength.sum": {
            "value": 1741.0,
            "min": 29.0,
            "max": 4949.0,
            "count": 775
        },
        "joe.Environment.CumulativeReward.mean": {
            "value": 6293.395175933838,
            "min": -12051928.98449707,
            "max": 550607.8354492188,
            "count": 773
        },
        "joe.Environment.CumulativeReward.sum": {
            "value": 25173.58070373535,
            "min": -12051928.98449707,
            "max": 550607.8354492188,
            "count": 773
        },
        "joe.Policy.ExtrinsicReward.mean": {
            "value": 6293.395175933838,
            "min": -12051928.98449707,
            "max": 550607.8354492188,
            "count": 773
        },
        "joe.Policy.ExtrinsicReward.sum": {
            "value": 25173.58070373535,
            "min": -12051928.98449707,
            "max": 550607.8354492188,
            "count": 773
        },
        "joe.Policy.GailReward.mean": {
            "value": 277.19820618629456,
            "min": 47.03003692626953,
            "max": 3160.577660560608,
            "count": 773
        },
        "joe.Policy.GailReward.sum": {
            "value": 1108.7928247451782,
            "min": 47.03003692626953,
            "max": 3160.577660560608,
            "count": 773
        },
        "joe.IsTraining.mean": {
            "value": 1.0,
            "min": 1.0,
            "max": 1.0,
            "count": 1000
        },
        "joe.IsTraining.sum": {
            "value": 1.0,
            "min": 1.0,
            "max": 1.0,
            "count": 1000
        },
        "joe.Losses.PolicyLoss.mean": {
            "value": 0.08160597503495713,
            "min": 0.051420347531598326,
            "max": 0.10231784967587786,
            "count": 33
        },
        "joe.Losses.PolicyLoss.sum": {
            "value": 0.08160597503495713,
            "min": 0.051420347531598326,
            "max": 0.10231784967587786,
            "count": 33
        },
        "joe.Losses.ValueLoss.mean": {
            "value": 43099217159.3078,
            "min": 667174.1410017731,
            "max": 74605399982.64964,
            "count": 33
        },
        "joe.Losses.ValueLoss.sum": {
            "value": 43099217159.3078,
            "min": 667174.1410017731,
            "max": 74605399982.64964,
            "count": 33
        },
        "joe.Policy.LearningRate.mean": {
            "value": 5.76599423500002e-07,
            "min": 5.76599423500002e-07,
            "max": 9.699740300259997e-05,
            "count": 33
        },
        "joe.Policy.LearningRate.sum": {
            "value": 5.76599423500002e-07,
            "min": 5.76599423500002e-07,
            "max": 9.699740300259997e-05,
            "count": 33
        },
        "joe.Policy.Epsilon.mean": {
            "value": 0.10057650000000005,
            "min": 0.10057650000000005,
            "max": 0.19699740000000004,
            "count": 33
        },
        "joe.Policy.Epsilon.sum": {
            "value": 0.10057650000000005,
            "min": 0.10057650000000005,
            "max": 0.19699740000000004,
            "count": 33
        },
        "joe.Policy.Beta.mean": {
            "value": 0.0005000000000000001,
            "min": 0.0005000000000000001,
            "max": 0.0005000000000000001,
            "count": 33
        },
        "joe.Policy.Beta.sum": {
            "value": 0.0005000000000000001,
            "min": 0.0005000000000000001,
            "max": 0.0005000000000000001,
            "count": 33
        },
        "joe.Policy.GAILPolicyEstimate.mean": {
            "value": 0.6263408687943263,
            "min": 0.5591051840056617,
            "max": 0.8061281028368794,
            "count": 33
        },
        "joe.Policy.GAILPolicyEstimate.sum": {
            "value": 0.6263408687943263,
            "min": 0.5591051840056617,
            "max": 0.8061281028368794,
            "count": 33
        },
        "joe.Policy.GAILExpertEstimate.mean": {
            "value": 0.6673537234042554,
            "min": 0.6632018479033405,
            "max": 0.6692541755508173,
            "count": 33
        },
        "joe.Policy.GAILExpertEstimate.sum": {
            "value": 0.6673537234042554,
            "min": 0.6632018479033405,
            "max": 0.6692541755508173,
            "count": 33
        },
        "joe.Losses.GAILLoss.mean": {
            "value": 15.45704628558869,
            "min": 14.4175606084393,
            "max": 18.326474802544777,
            "count": 33
        },
        "joe.Losses.GAILLoss.sum": {
            "value": 15.45704628558869,
            "min": 14.4175606084393,
            "max": 18.326474802544777,
            "count": 33
        },
        "joe.Policy.GAILGradMagLoss.mean": {
            "value": 9.993677139282227,
            "min": 9.993677139282227,
            "max": 9.993677139282227,
            "count": 33
        },
        "joe.Policy.GAILGradMagLoss.sum": {
            "value": 9.993677139282227,
            "min": 9.993677139282227,
            "max": 9.993677139282227,
            "count": 33
        },
        "joe.Losses.PretrainingLoss.mean": {
            "value": 0.0,
            "min": 0.0,
            "max": 0.867567769677288,
            "count": 33
        },
        "joe.Losses.PretrainingLoss.sum": {
            "value": 0.0,
            "min": 0.0,
            "max": 0.867567769677288,
            "count": 33
        }
    },
    "metadata": {
        "timer_format_version": "0.1.0",
        "start_time_seconds": "1732854504",
        "python_version": "3.10.12 | packaged by Anaconda, Inc. | (main, Jul  5 2023, 19:01:18) [MSC v.1916 64 bit (AMD64)]",
        "command_line_arguments": "c:\\Users\\sjohn\\OneDrive\\Documents\\DQNEnemyGenerator\\.conda\\Scripts\\mlagents-learn PacManUnity/config/bc.yaml --force --run-id=TestNewActions1 --env=./PacManUnity/Build/Game14.exe --quality-level=0 --width=512 --height=512 --torch-device=cpu",
        "mlagents_version": "1.1.0",
        "mlagents_envs_version": "1.1.0",
        "communication_protocol_version": "1.5.0",
        "pytorch_version": "2.5.1+cpu",
        "numpy_version": "1.23.5",
        "end_time_seconds": "1732863254"
    },
    "total": 8749.840691100108,