{
    "name": "root",
    "gauges": {
        "joe.Policy.Entropy.mean": {
            "value": 0.07952277362346649,
            "min": -1.1920928244535389e-07,
            "max": 1.3397889137268066,
            "count": 795
        },
        "joe.Policy.Entropy.sum": {
            "value": 76.34186553955078,
            "min": -0.00012207030522404239,
            "max": 1404.0390625,
            "count": 795
        },
        "joe.Step.mean": {
            "value": 794952.0,
            "min": 991.0,
            "max": 794952.0,
            "count": 795
        },
        "joe.Step.sum": {
            "value": 794952.0,
            "min": 991.0,
            "max": 794952.0,
            "count": 795
        },
        "joe.Policy.ExtrinsicValueEstimate.mean": {
            "value": -1053.98486328125,
            "min": -1244.8568115234375,
            "max": -2.33066463470459,
            "count": 795
        },
        "joe.Policy.ExtrinsicValueEstimate.sum": {
            "value": -15809.7724609375,
            "min": -19917.708984375,
            "max": -37.04749298095703,
            "count": 795
        },
        "joe.Policy.GailValueEstimate.mean": {
            "value": 5.723168849945068,
            "min": -5.464581489562988,
            "max": 20.812334060668945,
            "count": 795
        },
        "joe.Policy.GailValueEstimate.sum": {
            "value": 85.8475341796875,
            "min": -87.43330383300781,
            "max": 374.2604064941406,
            "count": 795
        },
        "joe.Environment.EpisodeLength.mean": {
            "value": 887.3333333333334,
            "min": 47.0,
            "max": 9999.0,
            "count": 325
        },
        "joe.Environment.EpisodeLength.sum": {
            "value": 2662.0,
            "min": 47.0,
            "max": 10691.0,
            "count": 325
        },
        "joe.Environment.CumulativeReward.mean": {
            "value": -10313.0,
            "min": -119543.0,
            "max": -199.0,
            "count": 324
        },
        "joe.Environment.CumulativeReward.sum": {
            "value": -30939.0,
            "min": -123629.0,
            "max": -199.0,
            "count": 324
        },
        "joe.Policy.ExtrinsicReward.mean": {
            "value": -10313.0,
            "min": -119543.0,
            "max": -199.0,
            "count": 324
        },
        "joe.Policy.ExtrinsicReward.sum": {
            "value": -30939.0,
            "min": -123629.0,
            "max": -199.0,
            "count": 324
        },
        "joe.Policy.GailReward.mean": {
            "value": 47.266332142675914,
            "min": 10.0962243527174,
            "max": 432.6335679385811,
            "count": 324
        },
        "joe.Policy.GailReward.sum": {
            "value": 141.79899642802775,
            "min": 10.0962243527174,
            "max": 865.2671358771622,
            "count": 324
        },
        "joe.IsTraining.mean": {
            "value": 1.0,
            "min": 1.0,
            "max": 1.0,
            "count": 795
        },
        "joe.IsTraining.sum": {
            "value": 1.0,
            "min": 1.0,
            "max": 1.0,
            "count": 795
        },
        "joe.Losses.PolicyLoss.mean": {
            "value": 0.2382742803360547,
            "min": 0.19465504436997008,
            "max": 0.3403653240326229,
            "count": 79
        },
        "joe.Losses.PolicyLoss.sum": {
            "value": 0.2382742803360547,
            "min": 0.19465504436997008,
            "max": 0.3403653240326229,
            "count": 79
        },
        "joe.Losses.ValueLoss.mean": {
            "value": 5024.559866082248,
            "min": 1255.4849409049043,
            "max": 19178.783962198893,
            "count": 79
        },
        "joe.Losses.ValueLoss.sum": {
            "value": 5024.559866082248,
            "min": 1255.4849409049043,
            "max": 19178.783962198893,
            "count": 79
        },
        "joe.Policy.LearningRate.mean": {
            "value": 6.22947792351e-05,
            "min": 6.22947792351e-05,
            "max": 0.00029699160100279997,
            "count": 79
        },
        "joe.Policy.LearningRate.sum": {
            "value": 6.22947792351e-05,
            "min": 6.22947792351e-05,
            "max": 0.00029699160100279997,
            "count": 79
        },
        "joe.Policy.Epsilon.mean": {
            "value": 0.16229469999999996,
            "min": 0.16229469999999996,
            "max": 0.3969915999999999,
            "count": 79
        },
        "joe.Policy.Epsilon.sum": {
            "value": 0.16229469999999996,
            "min": 0.16229469999999996,
            "max": 0.3969915999999999,
            "count": 79
        },
        "joe.Policy.Beta.mean": {
            "value": 0.0005000000000000002,
            "min": 0.0005000000000000001,
            "max": 0.0005000000000000002,
            "count": 79
        },
        "joe.Policy.Beta.sum": {
            "value": 0.0005000000000000002,
            "min": 0.0005000000000000001,
            "max": 0.0005000000000000002,
            "count": 79
        },
        "joe.Policy.GAILPolicyEstimate.mean": {
            "value": 0.09040340126280785,
            "min": 0.031546589777930865,
            "max": 0.36371254429221156,
            "count": 79
        },
        "joe.Policy.GAILPolicyEstimate.sum": {
            "value": 0.09040340126280785,
            "min": 0.031546589777930865,
            "max": 0.36371254429221156,
            "count": 79
        },
        "joe.Policy.GAILExpertEstimate.mean": {
            "value": 0.9115827578310164,
            "min": 0.6692852738698324,
            "max": 0.9613160355028374,
            "count": 79
        },
        "joe.Policy.GAILExpertEstimate.sum": {
            "value": 0.9115827578310164,
            "min": 0.6692852738698324,
            "max": 0.9613160355028374,
            "count": 79
        },
        "joe.Losses.GAILLoss.mean": {
            "value": 0.2284532534187822,
            "min": 0.08990243802673908,
            "max": 0.9760521000822385,
            "count": 79
        },
        "joe.Losses.GAILLoss.sum": {
            "value": 0.2284532534187822,
            "min": 0.08990243802673908,
            "max": 0.9760521000822385,
            "count": 79
        },
        "joe.Policy.GAILGradMagLoss.mean": {
            "value": 0.025940242953477206,
            "min": 0.017387808489802193,
            "max": 0.45539697285627556,
            "count": 79
        },
        "joe.Policy.GAILGradMagLoss.sum": {
            "value": 0.025940242953477206,
            "min": 0.017387808489802193,
            "max": 0.45539697285627556,
            "count": 79
        },
        "joe.Losses.PretrainingLoss.mean": {
            "value": 0.07822614136658317,
            "min": 0.0780140647032289,
            "max": 2.442078483307862,
            "count": 79
        },
        "joe.Losses.PretrainingLoss.sum": {
            "value": 0.07822614136658317,
            "min": 0.0780140647032289,
            "max": 2.442078483307862,
            "count": 79
        }
    },
    "metadata": {
        "timer_format_version": "0.1.0",
        "start_time_seconds": "1732696547",
        "python_version": "3.10.12 | packaged by Anaconda, Inc. | (main, Jul  5 2023, 19:01:18) [MSC v.1916 64 bit (AMD64)]",
        "command_line_arguments": "c:\\Users\\sjohn\\OneDrive\\Documents\\DQNEnemyGenerator\\.conda\\Scripts\\mlagents-learn PacManUnity/config/bc.yaml --force --run-id=TestBuildGame7 --env=./PacManUnity/Build/Game7.exe --quality-level=0 --width=512 --height=512 --torch-device=cpu",
        "mlagents_version": "1.1.0",
        "mlagents_envs_version": "1.1.0",
        "communication_protocol_version": "1.5.0",
        "pytorch_version": "2.5.1+cpu",
        "numpy_version": "1.23.5",
        "end_time_seconds": "1732720303"
    },
    "total": 23755.957717400044,
    "count": 1,