{
    "name": "root",
    "gauges": {
        "joe.Policy.Entropy.mean": {
            "value": 0.289040744304657,
            "min": 7.3323421929671895e-06,
            "max": 1.3732960224151611,
            "count": 1000
        },
        "joe.Policy.Entropy.sum": {
            "value": 284.70513916015625,
            "min": 0.007361671421676874,
            "max": 1411.9266357421875,
            "count": 1000
        },
        "joe.Step.mean": {
            "value": 999965.0,
            "min": 940.0,
            "max": 999965.0,
            "count": 1000
        },
        "joe.Step.sum": {
            "value": 999965.0,
            "min": 940.0,
            "max": 999965.0,
            "count": 1000
        },
        "joe.Policy.ExtrinsicValueEstimate.mean": {
            "value": -56.31697082519531,
            "min": -95.35551452636719,
            "max": 3.820594072341919,
            "count": 1000
        },
        "joe.Policy.ExtrinsicValueEstimate.sum": {
            "value": -1070.0224609375,
            "min": -2002.4658203125,
            "max": 91.69425964355469,
            "count": 1000
        },
        "joe.Policy.GailValueEstimate.mean": {
            "value": 0.1940898597240448,
            "min": -0.043479178100824356,
            "max": 6.604307651519775,
            "count": 1000
        },
        "joe.Policy.GailValueEstimate.sum": {
            "value": 3.6877074241638184,
            "min": -1.0000211000442505,
            "max": 157.85354614257812,
            "count": 1000
        },
        "joe.Environment.EpisodeLength.mean": {
            "value": 94.36363636363636,
            "min": 41.375,
            "max": 123.625,
            "count": 1000
        },
        "joe.Environment.EpisodeLength.sum": {
            "value": 1038.0,
            "min": 607.0,
            "max": 1329.0,
            "count": 1000
        },
        "joe.Environment.CumulativeReward.mean": {
            "value": -231.7,
            "min": -491.125,
            "max": -53.68181818181818,
            "count": 1000
        },
        "joe.Environment.CumulativeReward.sum": {
            "value": -2317.0,
            "min": -4098.0,
            "max": -1181.0,
            "count": 1000
        },
        "joe.Policy.ExtrinsicReward.mean": {
            "value": -231.7,
            "min": -491.125,
            "max": -53.68181818181818,
            "count": 1000
        },
        "joe.Policy.ExtrinsicReward.sum": {
            "value": -2317.0,
            "min": -4098.0,
            "max": -1181.0,
            "count": 1000
        },
        "joe.Policy.GailReward.mean": {
            "value": 0.6368095815181732,
            "min": 0.19214782903068944,
            "max": 0.839622188732028,
            "count": 1000
        },
        "joe.Policy.GailReward.sum": {
            "value": 6.368095815181732,
            "min": 2.89567460026592,
            "max": 9.756999768316746,
            "count": 1000
        },
        "joe.IsTraining.mean": {
            "value": 1.0,
            "min": 1.0,
            "max": 1.0,
            "count": 1000
        },
        "joe.IsTraining.sum": {
            "value": 1.0,
            "min": 1.0,
            "max": 1.0,
            "count": 1000
        },
        "joe.Losses.PolicyLoss.mean": {
            "value": 0.25268056611136114,
            "min": 0.24131117551962844,
            "max": 0.36617273380812176,
            "count": 99
        },
        "joe.Losses.PolicyLoss.sum": {
            "value": 0.25268056611136114,
            "min": 0.24131117551962844,
            "max": 0.36617273380812176,
            "count": 99
        },
        "joe.Losses.ValueLoss.mean": {
            "value": 1542.978757664887,
            "min": 908.860998658629,
            "max": 1858.5064118773073,
            "count": 99
        },
        "joe.Losses.ValueLoss.sum": {
            "value": 1542.978757664887,
            "min": 908.860998658629,
            "max": 1858.5064118773073,
            "count": 99
        },
        "joe.Policy.LearningRate.mean": {
            "value": 2.1771992742999867e-06,
            "min": 2.1771992742999867e-06,
            "max": 0.00029699850100049996,
            "count": 99
        },
        "joe.Policy.LearningRate.sum": {
            "value": 2.1771992742999867e-06,
            "min": 2.1771992742999867e-06,
            "max": 0.00029699850100049996,
            "count": 99
        },
        "joe.Policy.Epsilon.mean": {
            "value": 0.1021771,
            "min": 0.1021771,
            "max": 0.3969985,
            "count": 99
        },
        "joe.Policy.Epsilon.sum": {
            "value": 0.1021771,
            "min": 0.1021771,
            "max": 0.3969985,
            "count": 99
        },
        "joe.Policy.Beta.mean": {
            "value": 0.0005000000000000001,
            "min": 0.0005000000000000001,
            "max": 0.0005000000000000002,
            "count": 99
        },
        "joe.Policy.Beta.sum": {
            "value": 0.0005000000000000001,
            "min": 0.0005000000000000001,
            "max": 0.0005000000000000002,
            "count": 99
        },
        "joe.Policy.GAILPolicyEstimate.mean": {
            "value": 0.38956444468065315,
            "min": 0.3605423521199625,
            "max": 0.44615535986268984,
            "count": 99
        },
        "joe.Policy.GAILPolicyEstimate.sum": {
            "value": 0.38956444468065315,
            "min": 0.3605423521199625,
            "max": 0.44615535986268984,
            "count": 99
        },
        "joe.Policy.GAILExpertEstimate.mean": {
            "value": 0.6254844813650219,
            "min": 0.5409529285430908,
            "max": 0.6419939132202002,
            "count": 99
        },
        "joe.Policy.GAILExpertEstimate.sum": {
            "value": 0.6254844813650219,
            "min": 0.5409529285430908,
            "max": 0.6419939132202002,
            "count": 99
        },
        "joe.Losses.GAILLoss.mean": {
            "value": 1.0754560818531562,
            "min": 1.0137087394605269,
            "max": 1.2594109729329745,
            "count": 99
        },
        "joe.Losses.GAILLoss.sum": {
            "value": 1.0754560818531562,
            "min": 1.0137087394605269,
            "max": 1.2594109729329745,
            "count": 99
        },
        "joe.Policy.GAILGradMagLoss.mean": {
            "value": 0.01881083143966654,
            "min": 0.015438458748616643,
            "max": 0.2923726580815855,
            "count": 99
        },
        "joe.Policy.GAILGradMagLoss.sum": {
            "value": 0.01881083143966654,
            "min": 0.015438458748616643,
            "max": 0.2923726580815855,
            "count": 99
        },
        "joe.Losses.PretrainingLoss.mean": {
            "value": 0.0,
            "min": 0.0,
            "max": 0.6916143075316277,
            "count": 99
        },
        "joe.Losses.PretrainingLoss.sum": {
            "value": 0.0,
            "min": 0.0,
            "max": 0.6916143075316277,
            "count": 99
        }
    },
    "metadata": {
        "timer_format_version": "0.1.0",
        "start_time_seconds": "1732655323",
        "python_version": "3.10.12 | packaged by Anaconda, Inc. | (main, Jul  5 2023, 19:01:18) [MSC v.1916 64 bit (AMD64)]",
        "command_line_arguments": "c:\\Users\\sjohn\\OneDrive\\Documents\\DQNEnemyGenerator\\.conda\\Scripts\\mlagents-learn PacManUnity/config/bc.yaml --force --run-id=TestBuildGame5 --env=./PacManUnity/Build/Game5.exe --quality-level=0 --width=512 --height=512 --torch-device=cpu",
        "mlagents_version": "1.1.0",
        "mlagents_envs_version": "1.1.0",
        "communication_protocol_version": "1.5.0",
        "pytorch_version": "2.5.1+cpu",
        "numpy_version": "1.23.5",
        "end_time_seconds": "1732675815"
    },
    "total": 20491.19773539994,
    "count": 1,
    "self": 1.0875170000363141,