{"count":1,"self":291.0762752,"total":294.89097699999996,"children":{"InitializeActuators":{"count":1,"self":0.001852,"total":0.001852,"children":null},"InitializeSensors":{"count":1,"self":0.0018529999999999998,"total":0.0018529999999999998,"children":null},"AgentSendState":{"count":14398,"self":0.16191,"total":0.18179499999999998,"children":{"CollectObservations":{"count":2880,"self":0.004386,"total":0.004386,"children":null},"WriteActionMask":{"count":2880,"self":0.005379,"total":0.005379,"children":null},"RequestDecision":{"count":2880,"self":0.010119999999999999,"total":0.010119999999999999,"children":null}}},"DecideAction":{"count":14398,"self":0.055452999999999995,"total":0.055452999999999995,"children":null},"AgentAct":{"count":14398,"self":3.5732912,"total":3.5732909999999998,"children":null}},"gauges":{"joe.CumulativeReward":{"count":45,"max":-332,"min":-6251,"runningAverage":-1839.82251,"value":-477,"weightedAverage":-1052.22461}},"metadata":{"timer_format_version":"0.1.0","start_time_seconds":"1732559081","unity_version":"6000.0.24f1","command_line_arguments":"\/Applications\/Unity\/Hub\/Editor\/6000.0.24f1\/Unity\/Unity.app\/Contents\/MacOS\/Unity","communication_protocol_version":"1.5.0","com.unity.ml-agents_version":"3.0.0","scene_name":"SceneBHC","end_time_seconds":"1732559376"}}