{"count":1,"self":326.17448959999996,"total":516.203977,"children":{"InitializeActuators":{"count":1,"self":0.0015869999999999999,"total":0.0015869999999999999,"children":null},"InitializeSensors":{"count":1,"self":0.0017029999999999999,"total":0.0017029999999999999,"children":null},"AgentSendState":{"count":95635,"self":0.21443399999999999,"total":0.692522,"children":{"CollectObservations":{"count":19127,"self":0.027245,"total":0.027245,"children":null},"WriteActionMask":{"count":19127,"self":0.023119,"total":0.023119,"children":null},"RequestDecision":{"count":19127,"self":0.127051,"total":0.427724,"children":{"AgentInfo.ToProto":{"count":19127,"self":0.104237,"total":0.30067299999999997,"children":{"GenerateSensorData":{"count":19127,"self":0.196436,"total":0.196436,"children":null}}}}}}},"DecideAction":{"count":95635,"self":165.9141632,"total":165.914158,"children":null},"AgentAct":{"count":95635,"self":23.4178224,"total":23.417823,"children":null},"AgentInfo.ToProto":{"count":23,"self":0.000106,"total":0.000296,"children":{"GenerateSensorData":{"count":23,"self":0.00018999999999999998,"total":0.00018999999999999998,"children":null}}}},"gauges":{"joe.CumulativeReward":{"count":23,"max":-34273,"min":-102502392,"runningAverage":-20923086,"value":-102502392,"weightedAverage":-56029344}},"metadata":{"timer_format_version":"0.1.0","start_time_seconds":"1732735608","unity_version":"6000.0.24f1","command_line_arguments":"\/Applications\/Unity\/Hub\/Editor\/6000.0.24f1\/Unity\/Unity.app\/Contents\/MacOS\/Unity","communication_protocol_version":"1.5.0","com.unity.ml-agents_version":"3.0.0","scene_name":"Scene1","end_time_seconds":"1732736124"}}