{"count":1,"self":142.7430784,"total":213.356127,"children":{"InitializeActuators":{"count":1,"self":0.0010609999999999999,"total":0.0010609999999999999,"children":null},"InitializeSensors":{"count":1,"self":0.001191,"total":0.001191,"children":null},"AgentSendState":{"count":32720,"self":0.059697,"total":0.21740199999999998,"children":{"CollectObservations":{"count":6544,"self":0.008211,"total":0.008211,"children":null},"WriteActionMask":{"count":6544,"self":0.0070799999999999995,"total":0.0070799999999999995,"children":null},"RequestDecision":{"count":6544,"self":0.038014,"total":0.14241399999999999,"children":{"AgentInfo.ToProto":{"count":6544,"self":0.040457,"total":0.10439999999999999,"children":{"GenerateSensorData":{"count":6544,"self":0.063943,"total":0.063943,"children":null}}}}}}},"DecideAction":{"count":32720,"self":64.6161152,"total":64.616115,"children":null},"AgentAct":{"count":32720,"self":5.7761591999999995,"total":5.776159,"children":null},"AgentInfo.ToProto":{"count":18,"self":7.8E-05,"total":0.00021899999999999998,"children":{"GenerateSensorData":{"count":18,"self":0.00014099999999999998,"total":0.00014099999999999998,"children":null}}}},"gauges":{"joe.CumulativeReward":{"count":18,"max":-198200.516,"min":-126766728,"runningAverage":-16880692,"value":-4516830,"weightedAverage":-18015592}},"metadata":{"timer_format_version":"0.1.0","start_time_seconds":"1732857275","unity_version":"6000.0.24f1","command_line_arguments":"\/Applications\/Unity\/Hub\/Editor\/6000.0.24f1\/Unity\/Unity.app\/Contents\/MacOS\/Unity","communication_protocol_version":"1.5.0","com.unity.ml-agents_version":"3.0.0","scene_name":"Scene1","end_time_seconds":"1732857488"}}